<?xml version="1.0" encoding="UTF-8" standalone="yes"?>
<addon id="plugin.video.censoredtv" name="Censored TV" version="1.0.3" provider-name="tracey-fans">
  <requires>
    <import addon="xbmc.python" version="2.26.0"/>
    <import addon="script.module.requests" version="2.12.4"/>
    <import addon="script.module.future" version="0.17.1"/>
    <import addon="script.module.beautifulsoup4" version="4.5.0"/>
  </requires>
  <extension point="xbmc.python.pluginsource" library="main.py">
    <provides>video</provides>
  </extension>
  <extension point="xbmc.addon.metadata">
    <reuselanguageinvoker>true</reuselanguageinvoker>
    <summary lang="en_GB">Censored TV</summary>
    <description lang="en_GB">Censored TV</description>
    <disclaimer lang="en_GB">The use of this add-on may not be legal in your country of residence - please check with your local laws before installing.
Also, all of this content is property of Censored.TV. If you put it on YouTube or anywhere else without our permission, we will get it taken down</disclaimer>
    <assets>
      <icon>resources/media/icon.png</icon>
      <fanart>resources/media/fanart.jpg</fanart>
      <screenshot>resources/media/screenshot-01.jpg</screenshot>
    </assets>
    <language>en</language>
    <platform>all</platform>
    <license>MIT</license>
    <website>https://censored.tv</website>
    <email></email>
    <forum></forum>
    <source>https://github.com/tracey-fans/plugin.video.censoredtv</source>
    <news>
v1.0.3  -Less strict with dependency versions -Non-progressive images (reduces warnings)
v1.0.2  -Change sort order in list -Images now display
v1.0.1  -Better artwork  -Password in settings page is hidden
v1.0.0 New plugin
    </news>
  </extension>
</addon>
